#separator:|
#html:true
#guid column:3
#deck column:4
<div style="font-size: 28pt;"><ruby>地<rt style="visibility: hidden">ち</rt></ruby><ruby>図<rt style="visibility: hidden">ず</rt></ruby></div><script>['click', 'touchstart'].forEach(event => document.addEventListener(event, () => document.querySelectorAll('ruby rt').forEach(rt => rt.style.visibility = 'visible')));</script>|<div style="font-size: 26pt;">mapa</div><script>['click', 'touchstart'].forEach(event => document.addEventListener(event, () => document.querySelectorAll('ruby rt').forEach(rt => rt.style.visibility = 'visible')));</script>|w7551397018974465599181|KanTanJi::181-200
<div style="font-size: 28pt;"><ruby>図<rt style="visibility: hidden">ず</rt></ruby><ruby>柄<rt style="visibility: hidden">がら</rt></ruby></div><script>['click', 'touchstart'].forEach(event => document.addEventListener(event, () => document.querySelectorAll('ruby rt').forEach(rt => rt.style.visibility = 'visible')));</script>|<div style="font-size: 26pt;">návrh (design), vzor (pattern)</div><script>['click', 'touchstart'].forEach(event => document.addEventListener(event, () => document.querySelectorAll('ruby rt').forEach(rt => rt.style.visibility = 'visible')));</script>|w953890615418392769181|KanTanJi::181-200
<div style="font-size: 28pt;"><ruby>図<rt style="visibility: hidden">と</rt></ruby><ruby>書<rt style="visibility: hidden">しょ</rt></ruby><ruby>館<rt style="visibility: hidden">かん</rt></ruby></div><script>['click', 'touchstart'].forEach(event => document.addEventListener(event, () => document.querySelectorAll('ruby rt').forEach(rt => rt.style.visibility = 'visible')));</script>|<div style="font-size: 26pt;">knihovna</div><script>['click', 'touchstart'].forEach(event => document.addEventListener(event, () => document.querySelectorAll('ruby rt').forEach(rt => rt.style.visibility = 'visible')));</script>|w-1217070447698653500181|KanTanJi::181-200
<div style="font-size: 26pt;">mapa</div>|<div style="font-size: 28pt;"><ruby>地<rt style="visibility: hidden">ち</rt></ruby><ruby>図<rt style="visibility: hidden">ず</rt></ruby></div><script>['click', 'touchstart'].forEach(event => document.addEventListener(event, () => document.querySelectorAll('ruby rt').forEach(rt => rt.style.visibility = 'visible')));</script>|w7551397018974465599181|KanTanJi::181-200
<div style="font-size: 26pt;">návrh (design), vzor (pattern)</div>|<div style="font-size: 28pt;"><ruby>図<rt style="visibility: hidden">ず</rt></ruby><ruby>柄<rt style="visibility: hidden">がら</rt></ruby></div><script>['click', 'touchstart'].forEach(event => document.addEventListener(event, () => document.querySelectorAll('ruby rt').forEach(rt => rt.style.visibility = 'visible')));</script>|w953890615418392769181|KanTanJi::181-200
<div style="font-size: 26pt;">knihovna</div>|<div style="font-size: 28pt;"><ruby>図<rt style="visibility: hidden">と</rt></ruby><ruby>書<rt style="visibility: hidden">しょ</rt></ruby><ruby>館<rt style="visibility: hidden">かん</rt></ruby></div><script>['click', 'touchstart'].forEach(event => document.addEventListener(event, () => document.querySelectorAll('ruby rt').forEach(rt => rt.style.visibility = 'visible')));</script>|w-1217070447698653500181|KanTanJi::181-200
㉆ <div style="font-size: 32pt;">工</div>|<div><span>Onyomi: コウ</span></div><div style="font-size: 26pt;">řemeslo, stavba (ne budova!)</div><br><br><div><a style="white-space: nowrap; font-size: 12pt;" href="https://app.kanjialive.com/工">工 KanjiAlive</a></div><script>['click', 'touchstart'].forEach(event => document.addEventListener(event, () => document.querySelectorAll('ruby rt').forEach(rt => rt.style.visibility = 'visible')));</script>|k-7167301046918029579182|KanTanJi::181-200
<div style="font-size: 28pt;"><ruby>工<rt style="visibility: hidden">こう</rt></ruby><ruby>場<rt style="visibility: hidden">じょう</rt></ruby></div><script>['click', 'touchstart'].forEach(event => document.addEventListener(event, () => document.querySelectorAll('ruby rt').forEach(rt => rt.style.visibility = 'visible')));</script>|<div style="font-size: 26pt;">továrna</div><script>['click', 'touchstart'].forEach(event => document.addEventListener(event, () => document.querySelectorAll('ruby rt').forEach(rt => rt.style.visibility = 'visible')));</script>|w2706946778293100107182|KanTanJi::181-200
<div style="font-size: 28pt;"><ruby>工<rt style="visibility: hidden">こう</rt></ruby><ruby>業<rt style="visibility: hidden">ぎょう</rt></ruby></div><script>['click', 'touchstart'].forEach(event => document.addEventListener(event, () => document.querySelectorAll('ruby rt').forEach(rt => rt.style.visibility = 'visible')));</script>|<div style="font-size: 26pt;">průmysl (manufaktura)</div><br><hr style="border: 1px solid gray"><b style="font-size: 14pt; color: gray;"><ruby>使<rt style="visibility: hidden">つか</rt></ruby>い<ruby>方<rt style="visibility: hidden">かた</rt></ruby>:</b><br><br><div><div style="color: gray; font-size: 14pt;"><ruby>誰<rt style="visibility: hidden">だれ</rt></ruby>かが<ruby>工<rt style="visibility: hidden">こう</rt></ruby><ruby>業<rt style="visibility: hidden">ぎょう</rt></ruby><ruby>的<rt style="visibility: hidden">てき</rt></ruby>に<ruby>作<rt style="visibility: hidden">つく</rt></ruby>ってくれた<ruby>食<rt style="visibility: hidden">しょく</rt></ruby>　jídlo, které někdo industriálně (=ve velkém) vyrobil</div></div><script>['click', 'touchstart'].forEach(event => document.addEventListener(event, () => document.querySelectorAll('ruby rt').forEach(rt => rt.style.visibility = 'visible')));</script>|w7493485580794533391182|KanTanJi::181-200
<div style="font-size: 28pt;"><ruby>人<rt style="visibility: hidden">じん</rt></ruby><ruby>工<rt style="visibility: hidden">こう</rt></ruby><ruby>的<rt style="visibility: hidden">てき</rt></ruby>な</div><script>['click', 'touchstart'].forEach(event => document.addEventListener(event, () => document.querySelectorAll('ruby rt').forEach(rt => rt.style.visibility = 'visible')));</script>|<div style="font-size: 26pt;">umělý, vytvořený člověkem</div><br><hr style="border: 1px solid gray"><b style="font-size: 14pt; color: gray;"><ruby>使<rt style="visibility: hidden">つか</rt></ruby>い<ruby>方<rt style="visibility: hidden">かた</rt></ruby>:</b><br><br><div><div style="color: gray; font-size: 14pt;"><ruby>人<rt style="visibility: hidden">じん</rt></ruby><ruby>工<rt style="visibility: hidden">こう</rt></ruby><ruby>的<rt style="visibility: hidden">てき</rt></ruby>なものがやはりある　　také zde je něco umělého</div></div><br><div style="color: gray; font-size: 14pt;"><b><ruby>注<rt style="visibility: hidden">ちゅう</rt></ruby><ruby>意<rt style="visibility: hidden">い</rt></ruby></b>: Stejná výslovnost jako slovíčko 'populace' - 人口.</div><script>['click', 'touchstart'].forEach(event => document.addEventListener(event, () => document.querySelectorAll('ruby rt').forEach(rt => rt.style.visibility = 'visible')));</script>|w-4782914831199877933182|KanTanJi::181-200
<div style="font-size: 28pt;"><ruby>大<rt style="visibility: hidden">だい</rt></ruby><ruby>工<rt style="visibility: hidden">く</rt></ruby></div><script>['click', 'touchstart'].forEach(event => document.addEventListener(event, () => document.querySelectorAll('ruby rt').forEach(rt => rt.style.visibility = 'visible')));</script>|<div style="font-size: 26pt;">tesař</div><script>['click', 'touchstart'].forEach(event => document.addEventListener(event, () => document.querySelectorAll('ruby rt').forEach(rt => rt.style.visibility = 'visible')));</script>|w-3968165336830438377182|KanTanJi::181-200
<div style="font-size: 28pt;"><ruby>工<rt style="visibility: hidden">こう</rt></ruby><ruby>員<rt style="visibility: hidden">いん</rt></ruby></div><script>['click', 'touchstart'].forEach(event => document.addEventListener(event, () => document.querySelectorAll('ruby rt').forEach(rt => rt.style.visibility = 'visible')));</script>|<div style="font-size: 26pt;">pracovník na stavbě</div><script>['click', 'touchstart'].forEach(event => document.addEventListener(event, () => document.querySelectorAll('ruby rt').forEach(rt => rt.style.visibility = 'visible')));</script>|w-1905234981774547994182|KanTanJi::181-200
㉆ <div style="font-size: 26pt;">řemeslo, stavba (ne budova!)</div>|<div style="font-size: 30pt;">工</div><div><span>Onyomi: コウ</span></div><br><br><div><a style="white-space: nowrap; font-size: 12pt;" href="https://app.kanjialive.com/工">工 KanjiAlive</a></div><script>['click', 'touchstart'].forEach(event => document.addEventListener(event, () => document.querySelectorAll('ruby rt').forEach(rt => rt.style.visibility = 'visible')));</script>|k-7167301046918029579182|KanTanJi::181-200
<div style="font-size: 26pt;">továrna</div>|<div style="font-size: 28pt;"><ruby>工<rt style="visibility: hidden">こう</rt></ruby><ruby>場<rt style="visibility: hidden">じょう</rt></ruby></div><script>['click', 'touchstart'].forEach(event => document.addEventListener(event, () => document.querySelectorAll('ruby rt').forEach(rt => rt.style.visibility = 'visible')));</script>|w2706946778293100107182|KanTanJi::181-200
<div style="font-size: 26pt;">průmysl (manufaktura)</div>|<div style="font-size: 28pt;"><ruby>工<rt style="visibility: hidden">こう</rt></ruby><ruby>業<rt style="visibility: hidden">ぎょう</rt></ruby></div><br><hr style="border: 1px solid gray"><b style="font-size: 14pt; color: gray;"><ruby>使<rt style="visibility: hidden">つか</rt></ruby>い<ruby>方<rt style="visibility: hidden">かた</rt></ruby>:</b><br><br><div><div style="color: gray; font-size: 14pt;"><ruby>誰<rt style="visibility: hidden">だれ</rt></ruby>かが<ruby>工<rt style="visibility: hidden">こう</rt></ruby><ruby>業<rt style="visibility: hidden">ぎょう</rt></ruby><ruby>的<rt style="visibility: hidden">てき</rt></ruby>に<ruby>作<rt style="visibility: hidden">つく</rt></ruby>ってくれた<ruby>食<rt style="visibility: hidden">しょく</rt></ruby>　jídlo, které někdo industriálně (=ve velkém) vyrobil</div></div><script>['click', 'touchstart'].forEach(event => document.addEventListener(event, () => document.querySelectorAll('ruby rt').forEach(rt => rt.style.visibility = 'visible')));</script>|w7493485580794533391182|KanTanJi::181-200
<div style="font-size: 26pt;">umělý, vytvořený člověkem</div>|<div style="font-size: 28pt;"><ruby>人<rt style="visibility: hidden">じん</rt></ruby><ruby>工<rt style="visibility: hidden">こう</rt></ruby><ruby>的<rt style="visibility: hidden">てき</rt></ruby>な</div><br><hr style="border: 1px solid gray"><b style="font-size: 14pt; color: gray;"><ruby>使<rt style="visibility: hidden">つか</rt></ruby>い<ruby>方<rt style="visibility: hidden">かた</rt></ruby>:</b><br><br><div><div style="color: gray; font-size: 14pt;"><ruby>人<rt style="visibility: hidden">じん</rt></ruby><ruby>工<rt style="visibility: hidden">こう</rt></ruby><ruby>的<rt style="visibility: hidden">てき</rt></ruby>なものがやはりある　　také zde je něco umělého</div></div><br><div style="color: gray; font-size: 14pt;"><b><ruby>注<rt style="visibility: hidden">ちゅう</rt></ruby><ruby>意<rt style="visibility: hidden">い</rt></ruby></b>: Stejná výslovnost jako slovíčko 'populace' - 人口.</div><script>['click', 'touchstart'].forEach(event => document.addEventListener(event, () => document.querySelectorAll('ruby rt').forEach(rt => rt.style.visibility = 'visible')));</script>|w-4782914831199877933182|KanTanJi::181-200
<div style="font-size: 26pt;">tesař</div>|<div style="font-size: 28pt;"><ruby>大<rt style="visibility: hidden">だい</rt></ruby><ruby>工<rt style="visibility: hidden">く</rt></ruby></div><script>['click', 'touchstart'].forEach(event => document.addEventListener(event, () => document.querySelectorAll('ruby rt').forEach(rt => rt.style.visibility = 'visible')));</script>|w-3968165336830438377182|KanTanJi::181-200
<div style="font-size: 26pt;">pracovník na stavbě</div>|<div style="font-size: 28pt;"><ruby>工<rt style="visibility: hidden">こう</rt></ruby><ruby>員<rt style="visibility: hidden">いん</rt></ruby></div><script>['click', 'touchstart'].forEach(event => document.addEventListener(event, () => document.querySelectorAll('ruby rt').forEach(rt => rt.style.visibility = 'visible')));</script>|w-1905234981774547994182|KanTanJi::181-200
㉆ <div style="font-size: 32pt;">教</div>|<div><span>Onyomi: キョウ</span> &emsp;<span>Kunyomi: おし・える</span></div><div style="font-size: 26pt;">učit, učení, nauka, víra</div><br><br><div><a style="white-space: nowrap; font-size: 12pt;" href="https://app.kanjialive.com/教">教 KanjiAlive</a></div><script>['click', 'touchstart'].forEach(event => document.addEventListener(event, () => document.querySelectorAll('ruby rt').forEach(rt => rt.style.visibility = 'visible')));</script>|k4212926799509118320183|KanTanJi::181-200
<div style="font-size: 28pt;"><ruby>教<rt style="visibility: hidden">おし</rt></ruby>える</div><script>['click', 'touchstart'].forEach(event => document.addEventListener(event, () => document.querySelectorAll('ruby rt').forEach(rt => rt.style.visibility = 'visible')));</script>|<div style="font-size: 26pt;">naučit (někoho), ukázat, říct, sdělit</div><br><hr style="border: 1px solid gray"><b style="font-size: 14pt; color: gray;"><ruby>使<rt style="visibility: hidden">つか</rt></ruby>い<ruby>方<rt style="visibility: hidden">かた</rt></ruby>:</b><br><br><div><div style="color: gray; font-size: 14pt;"><ruby>地<rt style="visibility: hidden">ち</rt></ruby><ruby>下<rt style="visibility: hidden">か</rt></ruby><ruby>鉄<rt style="visibility: hidden">てつ</rt></ruby>へ<ruby>行<rt style="visibility: hidden">い</rt></ruby>く<ruby>道<rt style="visibility: hidden">みち</rt></ruby>を<ruby>教<rt style="visibility: hidden">おし</rt></ruby>えて。Řekni mi, jak se dostat na metro.</div></div><script>['click', 'touchstart'].forEach(event => document.addEventListener(event, () => document.querySelectorAll('ruby rt').forEach(rt => rt.style.visibility = 'visible')));</script>|w331578638790434219183|KanTanJi::181-200
<div style="font-size: 28pt;"><ruby>教<rt style="visibility: hidden">きょう</rt></ruby><ruby>室<rt style="visibility: hidden">しつ</rt></ruby></div><script>['click', 'touchstart'].forEach(event => document.addEventListener(event, () => document.querySelectorAll('ruby rt').forEach(rt => rt.style.visibility = 'visible')));</script>|<div style="font-size: 26pt;">třída, posluchárna</div><br><hr style="border: 1px solid gray"><b style="font-size: 14pt; color: gray;"><ruby>使<rt style="visibility: hidden">つか</rt></ruby>い<ruby>方<rt style="visibility: hidden">かた</rt></ruby>:</b><br><br><div><div style="color: gray; font-size: 14pt;">エアロビクス<ruby>教<rt style="visibility: hidden">きょう</rt></ruby><ruby>室<rt style="visibility: hidden">しつ</rt></ruby>    třída areobiku</div></div><script>['click', 'touchstart'].forEach(event => document.addEventListener(event, () => document.querySelectorAll('ruby rt').forEach(rt => rt.style.visibility = 'visible')));</script>|w4846905418680679709183|KanTanJi::181-200
<div style="font-size: 28pt;"><ruby>教<rt style="visibility: hidden">きょう</rt></ruby><ruby>会<rt style="visibility: hidden">かい</rt></ruby></div><script>['click', 'touchstart'].forEach(event => document.addEventListener(event, () => document.querySelectorAll('ruby rt').forEach(rt => rt.style.visibility = 'visible')));</script>|<div style="font-size: 26pt;">církev, kongregace</div><br><hr style="border: 1px solid gray"><b style="font-size: 14pt; color: gray;"><ruby>使<rt style="visibility: hidden">つか</rt></ruby>い<ruby>方<rt style="visibility: hidden">かた</rt></ruby>:</b><br><br><div style="color: gray; font-size: 14pt;"><b><ruby>注<rt style="visibility: hidden">ちゅう</rt></ruby><ruby>意<rt style="visibility: hidden">い</rt></ruby></b>: Stejná výslovnost jako slovíčko 'organizace' - 協会.</div><script>['click', 'touchstart'].forEach(event => document.addEventListener(event, () => document.querySelectorAll('ruby rt').forEach(rt => rt.style.visibility = 'visible')));</script>|w-7453630692095016319183|KanTanJi::181-200
<div style="font-size: 28pt;"><ruby>教<rt style="visibility: hidden">きょう</rt></ruby><ruby>師<rt style="visibility: hidden">し</rt></ruby></div><script>['click', 'touchstart'].forEach(event => document.addEventListener(event, () => document.querySelectorAll('ruby rt').forEach(rt => rt.style.visibility = 'visible')));</script>|<div style="font-size: 26pt;">učitel</div><br><hr style="border: 1px solid gray"><b style="font-size: 14pt; color: gray;"><ruby>使<rt style="visibility: hidden">つか</rt></ruby>い<ruby>方<rt style="visibility: hidden">かた</rt></ruby>:</b><br><br><div><div style="color: gray; font-size: 14pt;"><ruby>教<rt style="visibility: hidden">きょう</rt></ruby><ruby>師<rt style="visibility: hidden">し</rt></ruby>の<ruby>給<rt style="visibility: hidden">きゅう</rt></ruby><ruby>料<rt style="visibility: hidden">りょう</rt></ruby>は2000<ruby>円<rt style="visibility: hidden">えん</rt></ruby>ぐらいだったんですよ、<ruby>月<rt style="visibility: hidden">つき</rt></ruby>に。  Víte, plat učitele byl zhruba 2000 jenů za měsíc.</div></div><script>['click', 'touchstart'].forEach(event => document.addEventListener(event, () => document.querySelectorAll('ruby rt').forEach(rt => rt.style.visibility = 'visible')));</script>|w4092857073534113821183|KanTanJi::181-200
㉆ <div style="font-size: 26pt;">učit, učení, nauka, víra</div>|<div style="font-size: 30pt;">教</div><div><span>Onyomi: キョウ</span> &emsp;<span>Kunyomi: おし・える</span></div><br><br><div><a style="white-space: nowrap; font-size: 12pt;" href="https://app.kanjialive.com/教">教 KanjiAlive</a></div><script>['click', 'touchstart'].forEach(event => document.addEventListener(event, () => document.querySelectorAll('ruby rt').forEach(rt => rt.style.visibility = 'visible')));</script>|k4212926799509118320183|KanTanJi::181-200
<div style="font-size: 26pt;">naučit (někoho), ukázat, říct, sdělit</div>|<div style="font-size: 28pt;"><ruby>教<rt style="visibility: hidden">おし</rt></ruby>える</div><br><hr style="border: 1px solid gray"><b style="font-size: 14pt; color: gray;"><ruby>使<rt style="visibility: hidden">つか</rt></ruby>い<ruby>方<rt style="visibility: hidden">かた</rt></ruby>:</b><br><br><div><div style="color: gray; font-size: 14pt;"><ruby>地<rt style="visibility: hidden">ち</rt></ruby><ruby>下<rt style="visibility: hidden">か</rt></ruby><ruby>鉄<rt style="visibility: hidden">てつ</rt></ruby>へ<ruby>行<rt style="visibility: hidden">い</rt></ruby>く<ruby>道<rt style="visibility: hidden">みち</rt></ruby>を<ruby>教<rt style="visibility: hidden">おし</rt></ruby>えて。Řekni mi, jak se dostat na metro.</div></div><script>['click', 'touchstart'].forEach(event => document.addEventListener(event, () => document.querySelectorAll('ruby rt').forEach(rt => rt.style.visibility = 'visible')));</script>|w331578638790434219183|KanTanJi::181-200
<div style="font-size: 26pt;">třída, posluchárna</div>|<div style="font-size: 28pt;"><ruby>教<rt style="visibility: hidden">きょう</rt></ruby><ruby>室<rt style="visibility: hidden">しつ</rt></ruby></div><br><hr style="border: 1px solid gray"><b style="font-size: 14pt; color: gray;"><ruby>使<rt style="visibility: hidden">つか</rt></ruby>い<ruby>方<rt style="visibility: hidden">かた</rt></ruby>:</b><br><br><div><div style="color: gray; font-size: 14pt;">エアロビクス<ruby>教<rt style="visibility: hidden">きょう</rt></ruby><ruby>室<rt style="visibility: hidden">しつ</rt></ruby>    třída areobiku</div></div><script>['click', 'touchstart'].forEach(event => document.addEventListener(event, () => document.querySelectorAll('ruby rt').forEach(rt => rt.style.visibility = 'visible')));</script>|w4846905418680679709183|KanTanJi::181-200
<div style="font-size: 26pt;">církev, kongregace</div>|<div style="font-size: 28pt;"><ruby>教<rt style="visibility: hidden">きょう</rt></ruby><ruby>会<rt style="visibility: hidden">かい</rt></ruby></div><br><hr style="border: 1px solid gray"><b style="font-size: 14pt; color: gray;"><ruby>使<rt style="visibility: hidden">つか</rt></ruby>い<ruby>方<rt style="visibility: hidden">かた</rt></ruby>:</b><br><br><div style="color: gray; font-size: 14pt;"><b><ruby>注<rt style="visibility: hidden">ちゅう</rt></ruby><ruby>意<rt style="visibility: hidden">い</rt></ruby></b>: Stejná výslovnost jako slovíčko 'organizace' - 協会.</div><script>['click', 'touchstart'].forEach(event => document.addEventListener(event, () => document.querySelectorAll('ruby rt').forEach(rt => rt.style.visibility = 'visible')));</script>|w-7453630692095016319183|KanTanJi::181-200
<div style="font-size: 26pt;">učitel</div>|<div style="font-size: 28pt;"><ruby>教<rt style="visibility: hidden">きょう</rt></ruby><ruby>師<rt style="visibility: hidden">し</rt></ruby></div><br><hr style="border: 1px solid gray"><b style="font-size: 14pt; color: gray;"><ruby>使<rt style="visibility: hidden">つか</rt></ruby>い<ruby>方<rt style="visibility: hidden">かた</rt></ruby>:</b><br><br><div><div style="color: gray; font-size: 14pt;"><ruby>教<rt style="visibility: hidden">きょう</rt></ruby><ruby>師<rt style="visibility: hidden">し</rt></ruby>の<ruby>給<rt style="visibility: hidden">きゅう</rt></ruby><ruby>料<rt style="visibility: hidden">りょう</rt></ruby>は2000<ruby>円<rt style="visibility: hidden">えん</rt></ruby>ぐらいだったんですよ、<ruby>月<rt style="visibility: hidden">つき</rt></ruby>に。  Víte, plat učitele byl zhruba 2000 jenů za měsíc.</div></div><script>['click', 'touchstart'].forEach(event => document.addEventListener(event, () => document.querySelectorAll('ruby rt').forEach(rt => rt.style.visibility = 'visible')));</script>|w4092857073534113821183|KanTanJi::181-200
㉆ <div style="font-size: 32pt;">晴</div>|<div><span>Onyomi: セイ</span> &emsp;<span>Kunyomi: は</span></div><div style="font-size: 26pt;">uklidnit, vyjasnit</div><br><br><div><a style="white-space: nowrap; font-size: 12pt;" href="https://app.kanjialive.com/晴">晴 KanjiAlive</a></div><script>['click', 'touchstart'].forEach(event => document.addEventListener(event, () => document.querySelectorAll('ruby rt').forEach(rt => rt.style.visibility = 'visible')));</script>|k6441968703243401043184|KanTanJi::181-200
<div style="font-size: 28pt;"><ruby>晴<rt style="visibility: hidden">ha</rt></ruby>れる</div><script>['click', 'touchstart'].forEach(event => document.addEventListener(event, () => document.querySelectorAll('ruby rt').forEach(rt => rt.style.visibility = 'visible')));</script>|<div style="font-size: 26pt;">vyčasit se, vyjasnit</div><br><hr style="border: 1px solid gray"><b style="font-size: 14pt; color: gray;"><ruby>使<rt style="visibility: hidden">つか</rt></ruby>い<ruby>方<rt style="visibility: hidden">かた</rt></ruby>:</b><br><br><div style="color: gray; font-size: 14pt;"><b><ruby>備<rt style="visibility: hidden">び</rt></ruby><ruby>考<rt style="visibility: hidden">こう</rt></ruby></b>: <ruby>晴<rt style="visibility: hidden">は</rt></ruby>れ je 'slunečno'</div><script>['click', 'touchstart'].forEach(event => document.addEventListener(event, () => document.querySelectorAll('ruby rt').forEach(rt => rt.style.visibility = 'visible')));</script>|w-4518544071027050694184|KanTanJi::181-200
<div style="font-size: 28pt;"><ruby>晴<rt style="visibility: hidden">せい</rt></ruby><ruby>天<rt style="visibility: hidden">てん</rt></ruby></div><script>['click', 'touchstart'].forEach(event => document.addEventListener(event, () => document.querySelectorAll('ruby rt').forEach(rt => rt.style.visibility = 'visible')));</script>|<div style="font-size: 26pt;">pěkné počasí, čistá obloha</div><br><hr style="border: 1px solid gray"><b style="font-size: 14pt; color: gray;"><ruby>使<rt style="visibility: hidden">つか</rt></ruby>い<ruby>方<rt style="visibility: hidden">かた</rt></ruby>:</b><br><br><div><div style="color: gray; font-size: 14pt;"><ruby>晴<rt style="visibility: hidden">せい</rt></ruby><ruby>天<rt style="visibility: hidden">てん</rt></ruby>で<ruby>海<rt style="visibility: hidden">うみ</rt></ruby>へ<ruby>出<rt style="visibility: hidden">で</rt></ruby>ると<ruby>暑<rt style="visibility: hidden">あつ</rt></ruby>すぎる。Když je pěkně, je příliš horko na to vyjet na moře .</div></div><script>['click', 'touchstart'].forEach(event => document.addEventListener(event, () => document.querySelectorAll('ruby rt').forEach(rt => rt.style.visibility = 'visible')));</script>|w-8066316400480044474184|KanTanJi::181-200
㉆ <div style="font-size: 26pt;">uklidnit, vyjasnit</div>|<div style="font-size: 30pt;">晴</div><div><span>Onyomi: セイ</span> &emsp;<span>Kunyomi: は</span></div><br><br><div><a style="white-space: nowrap; font-size: 12pt;" href="https://app.kanjialive.com/晴">晴 KanjiAlive</a></div><script>['click', 'touchstart'].forEach(event => document.addEventListener(event, () => document.querySelectorAll('ruby rt').forEach(rt => rt.style.visibility = 'visible')));</script>|k6441968703243401043184|KanTanJi::181-200
<div style="font-size: 26pt;">vyčasit se, vyjasnit</div>|<div style="font-size: 28pt;"><ruby>晴<rt style="visibility: hidden">ha</rt></ruby>れる</div><br><hr style="border: 1px solid gray"><b style="font-size: 14pt; color: gray;"><ruby>使<rt style="visibility: hidden">つか</rt></ruby>い<ruby>方<rt style="visibility: hidden">かた</rt></ruby>:</b><br><br><div style="color: gray; font-size: 14pt;"><b><ruby>備<rt style="visibility: hidden">び</rt></ruby><ruby>考<rt style="visibility: hidden">こう</rt></ruby></b>: <ruby>晴<rt style="visibility: hidden">は</rt></ruby>れ je 'slunečno'</div><script>['click', 'touchstart'].forEach(event => document.addEventListener(event, () => document.querySelectorAll('ruby rt').forEach(rt => rt.style.visibility = 'visible')));</script>|w-4518544071027050694184|KanTanJi::181-200
<div style="font-size: 26pt;">pěkné počasí, čistá obloha</div>|<div style="font-size: 28pt;"><ruby>晴<rt style="visibility: hidden">せい</rt></ruby><ruby>天<rt style="visibility: hidden">てん</rt></ruby></div><br><hr style="border: 1px solid gray"><b style="font-size: 14pt; color: gray;"><ruby>使<rt style="visibility: hidden">つか</rt></ruby>い<ruby>方<rt style="visibility: hidden">かた</rt></ruby>:</b><br><br><div><div style="color: gray; font-size: 14pt;"><ruby>晴<rt style="visibility: hidden">せい</rt></ruby><ruby>天<rt style="visibility: hidden">てん</rt></ruby>で<ruby>海<rt style="visibility: hidden">うみ</rt></ruby>へ<ruby>出<rt style="visibility: hidden">で</rt></ruby>ると<ruby>暑<rt style="visibility: hidden">あつ</rt></ruby>すぎる。Když je pěkně, je příliš horko na to vyjet na moře .</div></div><script>['click', 'touchstart'].forEach(event => document.addEventListener(event, () => document.querySelectorAll('ruby rt').forEach(rt => rt.style.visibility = 'visible')));</script>|w-8066316400480044474184|KanTanJi::181-200
㉆ <div style="font-size: 32pt;">思</div>|<div><span>Onyomi: シ</span> &emsp;<span>Kunyomi: おも・う</span></div><div style="font-size: 26pt;">myslet (emotivní)</div><br><br><div><a style="white-space: nowrap; font-size: 12pt;" href="https://app.kanjialive.com/思">思 KanjiAlive</a></div><script>['click', 'touchstart'].forEach(event => document.addEventListener(event, () => document.querySelectorAll('ruby rt').forEach(rt => rt.style.visibility = 'visible')));</script>|k6639435717898137402185|KanTanJi::181-200
<div style="font-size: 28pt;"><ruby>思<rt style="visibility: hidden">おも</rt></ruby>う</div><script>['click', 'touchstart'].forEach(event => document.addEventListener(event, () => document.querySelectorAll('ruby rt').forEach(rt => rt.style.visibility = 'visible')));</script>|<div style="font-size: 26pt;">myslet, věřit (něčemu)</div><script>['click', 'touchstart'].forEach(event => document.addEventListener(event, () => document.querySelectorAll('ruby rt').forEach(rt => rt.style.visibility = 'visible')));</script>|w-3401568010066289013185|KanTanJi::181-200
<div style="font-size: 28pt;"><ruby>思<rt style="visibility: hidden">おも</rt></ruby>い<ruby>出<rt style="visibility: hidden">だ</rt></ruby>す</div><script>['click', 'touchstart'].forEach(event => document.addEventListener(event, () => document.querySelectorAll('ruby rt').forEach(rt => rt.style.visibility = 'visible')));</script>|<div style="font-size: 26pt;">vzpomínat</div><script>['click', 'touchstart'].forEach(event => document.addEventListener(event, () => document.querySelectorAll('ruby rt').forEach(rt => rt.style.visibility = 'visible')));</script>|w1472458553951036634185|KanTanJi::181-200
<div style="font-size: 28pt;"><ruby>思<rt style="visibility: hidden">おも</rt></ruby>い<ruby>出<rt style="visibility: hidden">で</rt></ruby></div><script>['click', 'touchstart'].forEach(event => document.addEventListener(event, () => document.querySelectorAll('ruby rt').forEach(rt => rt.style.visibility = 'visible')));</script>|<div style="font-size: 26pt;">vzpomínky</div><br><hr style="border: 1px solid gray"><b style="font-size: 14pt; color: gray;"><ruby>使<rt style="visibility: hidden">つか</rt></ruby>い<ruby>方<rt style="visibility: hidden">かた</rt></ruby>:</b><br><br><div><div style="color: gray; font-size: 14pt;">ほんの<ruby>少<rt style="visibility: hidden">すこ</rt></ruby>しでも つらい<ruby>思<rt style="visibility: hidden">おも</rt></ruby>い<ruby>出<rt style="visibility: hidden">で</rt></ruby>の<ruby>中<rt style="visibility: hidden">なか</rt></ruby>に <ruby>楽<rt style="visibility: hidden">たの</rt></ruby>しい<ruby>思<rt style="visibility: hidden">おも</rt></ruby>い<ruby>出<rt style="visibility: hidden">で</rt></ruby>も<ruby>作<rt style="visibility: hidden">つく</rt></ruby>れたら<ruby>良<rt style="visibility: hidden">よ</rt></ruby>いと<ruby>思<rt style="visibility: hidden">おも</rt></ruby>います。Myslím si, že by bylo dobré, kdybychom alespoň trochu uměli tvořit šťastné vzpomínky mezi všemi těmi bolestnými.</div></div><script>['click', 'touchstart'].forEach(event => document.addEventListener(event, () => document.querySelectorAll('ruby rt').forEach(rt => rt.style.visibility = 'visible')));</script>|w-2661078167824771033185|KanTanJi::181-200
<div style="font-size: 28pt;"><ruby>思<rt style="visibility: hidden">し</rt></ruby><ruby>想<rt style="visibility: hidden">そう</rt></ruby></div><script>['click', 'touchstart'].forEach(event => document.addEventListener(event, () => document.querySelectorAll('ruby rt').forEach(rt => rt.style.visibility = 'visible')));</script>|<div style="font-size: 26pt;">nápad, myšlenka, ideologie</div><br><hr style="border: 1px solid gray"><b style="font-size: 14pt; color: gray;"><ruby>使<rt style="visibility: hidden">つか</rt></ruby>い<ruby>方<rt style="visibility: hidden">かた</rt></ruby>:</b><br><br><div><div style="color: gray; font-size: 14pt;">その<ruby>思<rt style="visibility: hidden">し</rt></ruby><ruby>想<rt style="visibility: hidden">そう</rt></ruby>が<ruby>京<rt style="visibility: hidden">きょう</rt></ruby><ruby>都<rt style="visibility: hidden">と</rt></ruby>にある。Tato ideologie v Kyótu existuje.</div></div><script>['click', 'touchstart'].forEach(event => document.addEventListener(event, () => document.querySelectorAll('ruby rt').forEach(rt => rt.style.visibility = 'visible')));</script>|w8416536026953743563185|KanTanJi::181-200
<div style="font-size: 28pt;"><ruby>思<rt style="visibility: hidden">し</rt></ruby><ruby>考<rt style="visibility: hidden">こう</rt></ruby></div><script>['click', 'touchstart'].forEach(event => document.addEventListener(event, () => document.querySelectorAll('ruby rt').forEach(rt => rt.style.visibility = 'visible')));</script>|<div style="font-size: 26pt;">myšlenka, přemýšlení</div><br><hr style="border: 1px solid gray"><b style="font-size: 14pt; color: gray;"><ruby>使<rt style="visibility: hidden">つか</rt></ruby>い<ruby>方<rt style="visibility: hidden">かた</rt></ruby>:</b><br><br><div><div style="color: gray; font-size: 14pt;">どのように<ruby>思<rt style="visibility: hidden">し</rt></ruby><ruby>考<rt style="visibility: hidden">こう</rt></ruby>するか<ruby>分<rt style="visibility: hidden">わ</rt></ruby>からない。Nevím, jak přemýšlet.</div></div><br><div style="color: gray; font-size: 14pt;"><b><ruby>備<rt style="visibility: hidden">び</rt></ruby><ruby>考<rt style="visibility: hidden">こう</rt></ruby></b>: Lze jako する sloveso.</div><script>['click', 'touchstart'].forEach(event => document.addEventListener(event, () => document.querySelectorAll('ruby rt').forEach(rt => rt.style.visibility = 'visible')));</script>|w1134211158396479024185|KanTanJi::181-200
㉆ <div style="font-size: 26pt;">myslet (emotivní)</div>|<div style="font-size: 30pt;">思</div><div><span>Onyomi: シ</span> &emsp;<span>Kunyomi: おも・う</span></div><br><br><div><a style="white-space: nowrap; font-size: 12pt;" href="https://app.kanjialive.com/思">思 KanjiAlive</a></div><script>['click', 'touchstart'].forEach(event => document.addEventListener(event, () => document.querySelectorAll('ruby rt').forEach(rt => rt.style.visibility = 'visible')));</script>|k6639435717898137402185|KanTanJi::181-200
<div style="font-size: 26pt;">myslet, věřit (něčemu)</div>|<div style="font-size: 28pt;"><ruby>思<rt style="visibility: hidden">おも</rt></ruby>う</div><script>['click', 'touchstart'].forEach(event => document.addEventListener(event, () => document.querySelectorAll('ruby rt').forEach(rt => rt.style.visibility = 'visible')));</script>|w-3401568010066289013185|KanTanJi::181-200
<div style="font-size: 26pt;">vzpomínat</div>|<div style="font-size: 28pt;"><ruby>思<rt style="visibility: hidden">おも</rt></ruby>い<ruby>出<rt style="visibility: hidden">だ</rt></ruby>す</div><script>['click', 'touchstart'].forEach(event => document.addEventListener(event, () => document.querySelectorAll('ruby rt').forEach(rt => rt.style.visibility = 'visible')));</script>|w1472458553951036634185|KanTanJi::181-200
<div style="font-size: 26pt;">vzpomínky</div>|<div style="font-size: 28pt;"><ruby>思<rt style="visibility: hidden">おも</rt></ruby>い<ruby>出<rt style="visibility: hidden">で</rt></ruby></div><br><hr style="border: 1px solid gray"><b style="font-size: 14pt; color: gray;"><ruby>使<rt style="visibility: hidden">つか</rt></ruby>い<ruby>方<rt style="visibility: hidden">かた</rt></ruby>:</b><br><br><div><div style="color: gray; font-size: 14pt;">ほんの<ruby>少<rt style="visibility: hidden">すこ</rt></ruby>しでも つらい<ruby>思<rt style="visibility: hidden">おも</rt></ruby>い<ruby>出<rt style="visibility: hidden">で</rt></ruby>の<ruby>中<rt style="visibility: hidden">なか</rt></ruby>に <ruby>楽<rt style="visibility: hidden">たの</rt></ruby>しい<ruby>思<rt style="visibility: hidden">おも</rt></ruby>い<ruby>出<rt style="visibility: hidden">で</rt></ruby>も<ruby>作<rt style="visibility: hidden">つく</rt></ruby>れたら<ruby>良<rt style="visibility: hidden">よ</rt></ruby>いと<ruby>思<rt style="visibility: hidden">おも</rt></ruby>います。Myslím si, že by bylo dobré, kdybychom alespoň trochu uměli tvořit šťastné vzpomínky mezi všemi těmi bolestnými.</div></div><script>['click', 'touchstart'].forEach(event => document.addEventListener(event, () => document.querySelectorAll('ruby rt').forEach(rt => rt.style.visibility = 'visible')));</script>|w-2661078167824771033185|KanTanJi::181-200
<div style="font-size: 26pt;">nápad, myšlenka, ideologie</div>|<div style="font-size: 28pt;"><ruby>思<rt style="visibility: hidden">し</rt></ruby><ruby>想<rt style="visibility: hidden">そう</rt></ruby></div><br><hr style="border: 1px solid gray"><b style="font-size: 14pt; color: gray;"><ruby>使<rt style="visibility: hidden">つか</rt></ruby>い<ruby>方<rt style="visibility: hidden">かた</rt></ruby>:</b><br><br><div><div style="color: gray; font-size: 14pt;">その<ruby>思<rt style="visibility: hidden">し</rt></ruby><ruby>想<rt style="visibility: hidden">そう</rt></ruby>が<ruby>京<rt style="visibility: hidden">きょう</rt></ruby><ruby>都<rt style="visibility: hidden">と</rt></ruby>にある。Tato ideologie v Kyótu existuje.</div></div><script>['click', 'touchstart'].forEach(event => document.addEventListener(event, () => document.querySelectorAll('ruby rt').forEach(rt => rt.style.visibility = 'visible')));</script>|w8416536026953743563185|KanTanJi::181-200
<div style="font-size: 26pt;">myšlenka, přemýšlení</div>|<div style="font-size: 28pt;"><ruby>思<rt style="visibility: hidden">し</rt></ruby><ruby>考<rt style="visibility: hidden">こう</rt></ruby></div><br><hr style="border: 1px solid gray"><b style="font-size: 14pt; color: gray;"><ruby>使<rt style="visibility: hidden">つか</rt></ruby>い<ruby>方<rt style="visibility: hidden">かた</rt></ruby>:</b><br><br><div><div style="color: gray; font-size: 14pt;">どのように<ruby>思<rt style="visibility: hidden">し</rt></ruby><ruby>考<rt style="visibility: hidden">こう</rt></ruby>するか<ruby>分<rt style="visibility: hidden">わ</rt></ruby>からない。Nevím, jak přemýšlet.</div></div><br><div style="color: gray; font-size: 14pt;"><b><ruby>備<rt style="visibility: hidden">び</rt></ruby><ruby>考<rt style="visibility: hidden">こう</rt></ruby></b>: Lze jako する sloveso.</div><script>['click', 'touchstart'].forEach(event => document.addEventListener(event, () => document.querySelectorAll('ruby rt').forEach(rt => rt.style.visibility = 'visible')));</script>|w1134211158396479024185|KanTanJi::181-200
㉆ <div style="font-size: 32pt;">考</div>|<div><span>Onyomi: コウ</span> &emsp;<span>Kunyomi: かんが・える</span></div><div style="font-size: 26pt;">zvážit</div><br><br><div><a style="white-space: nowrap; font-size: 12pt;" href="https://app.kanjialive.com/考">考 KanjiAlive</a></div><script>['click', 'touchstart'].forEach(event => document.addEventListener(event, () => document.querySelectorAll('ruby rt').forEach(rt => rt.style.visibility = 'visible')));</script>|k-2513316431280209411186|KanTanJi::181-200
<div style="font-size: 28pt;"><ruby>考<rt style="visibility: hidden">かんが</rt></ruby>える</div><script>['click', 'touchstart'].forEach(event => document.addEventListener(event, () => document.querySelectorAll('ruby rt').forEach(rt => rt.style.visibility = 'visible')));</script>|<div style="font-size: 26pt;">myslet, přemýšlet (racionální), odvodit</div><br><hr style="border: 1px solid gray"><b style="font-size: 14pt; color: gray;"><ruby>使<rt style="visibility: hidden">つか</rt></ruby>い<ruby>方<rt style="visibility: hidden">かた</rt></ruby>:</b><br><br><div><div style="color: gray; font-size: 14pt;"><ruby>考<rt style="visibility: hidden">がんが</rt></ruby>えすぎないでください。Příliš si s tím nelamte hlavu.</div></div><script>['click', 'touchstart'].forEach(event => document.addEventListener(event, () => document.querySelectorAll('ruby rt').forEach(rt => rt.style.visibility = 'visible')));</script>|w1366230090016288626186|KanTanJi::181-200
<div style="font-size: 28pt;"><ruby>考<rt style="visibility: hidden">かんが</rt></ruby>え</div><script>['click', 'touchstart'].forEach(event => document.addEventListener(event, () => document.querySelectorAll('ruby rt').forEach(rt => rt.style.visibility = 'visible')));</script>|<div style="font-size: 26pt;">myšlenka, nápad, představa</div><script>['click', 'touchstart'].forEach(event => document.addEventListener(event, () => document.querySelectorAll('ruby rt').forEach(rt => rt.style.visibility = 'visible')));</script>|w-2910557366666492984186|KanTanJi::181-200
<div style="font-size: 28pt;"><ruby>参<rt style="visibility: hidden">さん</rt></ruby><ruby>考<rt style="visibility: hidden">こう</rt></ruby></div><script>['click', 'touchstart'].forEach(event => document.addEventListener(event, () => document.querySelectorAll('ruby rt').forEach(rt => rt.style.visibility = 'visible')));</script>|<div style="font-size: 26pt;">příklad, odkaz</div><br><hr style="border: 1px solid gray"><b style="font-size: 14pt; color: gray;"><ruby>使<rt style="visibility: hidden">つか</rt></ruby>い<ruby>方<rt style="visibility: hidden">かた</rt></ruby>:</b><br><br><div><div style="color: gray; font-size: 14pt;"><ruby>皆<rt style="visibility: hidden">みな</rt></ruby><ruby>様<rt style="visibility: hidden">さん</rt></ruby>の<ruby>参<rt style="visibility: hidden">さん</rt></ruby><ruby>考<rt style="visibility: hidden">こう</rt></ruby>に<ruby>成<rt style="visibility: hidden">な</rt></ruby>れ<ruby>幸<rt style="visibility: hidden">さい</rt></ruby>いです。Doufám, že vám to bude příkladem.</div></div><div><div style="color: gray; font-size: 14pt;"><ruby>何<rt style="visibility: hidden">なん</rt></ruby>の<ruby>参<rt style="visibility: hidden">さん</rt></ruby><ruby>考<rt style="visibility: hidden">こう</rt></ruby>にもならない。Toto nelze použít jako referenci (příklad).</div></div><script>['click', 'touchstart'].forEach(event => document.addEventListener(event, () => document.querySelectorAll('ruby rt').forEach(rt => rt.style.visibility = 'visible')));</script>|w3561260816101212079186|KanTanJi::181-200
㉆ <div style="font-size: 26pt;">zvážit</div>|<div style="font-size: 30pt;">考</div><div><span>Onyomi: コウ</span> &emsp;<span>Kunyomi: かんが・える</span></div><br><br><div><a style="white-space: nowrap; font-size: 12pt;" href="https://app.kanjialive.com/考">考 KanjiAlive</a></div><script>['click', 'touchstart'].forEach(event => document.addEventListener(event, () => document.querySelectorAll('ruby rt').forEach(rt => rt.style.visibility = 'visible')));</script>|k-2513316431280209411186|KanTanJi::181-200
<div style="font-size: 26pt;">myslet, přemýšlet (racionální), odvodit</div>|<div style="font-size: 28pt;"><ruby>考<rt style="visibility: hidden">かんが</rt></ruby>える</div><br><hr style="border: 1px solid gray"><b style="font-size: 14pt; color: gray;"><ruby>使<rt style="visibility: hidden">つか</rt></ruby>い<ruby>方<rt style="visibility: hidden">かた</rt></ruby>:</b><br><br><div><div style="color: gray; font-size: 14pt;"><ruby>考<rt style="visibility: hidden">がんが</rt></ruby>えすぎないでください。Příliš si s tím nelamte hlavu.</div></div><script>['click', 'touchstart'].forEach(event => document.addEventListener(event, () => document.querySelectorAll('ruby rt').forEach(rt => rt.style.visibility = 'visible')));</script>|w1366230090016288626186|KanTanJi::181-200
<div style="font-size: 26pt;">myšlenka, nápad, představa</div>|<div style="font-size: 28pt;"><ruby>考<rt style="visibility: hidden">かんが</rt></ruby>え</div><script>['click', 'touchstart'].forEach(event => document.addEventListener(event, () => document.querySelectorAll('ruby rt').forEach(rt => rt.style.visibility = 'visible')));</script>|w-2910557366666492984186|KanTanJi::181-200
<div style="font-size: 26pt;">příklad, odkaz</div>|<div style="font-size: 28pt;"><ruby>参<rt style="visibility: hidden">さん</rt></ruby><ruby>考<rt style="visibility: hidden">こう</rt></ruby></div><br><hr style="border: 1px solid gray"><b style="font-size: 14pt; color: gray;"><ruby>使<rt style="visibility: hidden">つか</rt></ruby>い<ruby>方<rt style="visibility: hidden">かた</rt></ruby>:</b><br><br><div><div style="color: gray; font-size: 14pt;"><ruby>皆<rt style="visibility: hidden">みな</rt></ruby><ruby>様<rt style="visibility: hidden">さん</rt></ruby>の<ruby>参<rt style="visibility: hidden">さん</rt></ruby><ruby>考<rt style="visibility: hidden">こう</rt></ruby>に<ruby>成<rt style="visibility: hidden">な</rt></ruby>れ<ruby>幸<rt style="visibility: hidden">さい</rt></ruby>いです。Doufám, že vám to bude příkladem.</div></div><div><div style="color: gray; font-size: 14pt;"><ruby>何<rt style="visibility: hidden">なん</rt></ruby>の<ruby>参<rt style="visibility: hidden">さん</rt></ruby><ruby>考<rt style="visibility: hidden">こう</rt></ruby>にもならない。Toto nelze použít jako referenci (příklad).</div></div><script>['click', 'touchstart'].forEach(event => document.addEventListener(event, () => document.querySelectorAll('ruby rt').forEach(rt => rt.style.visibility = 'visible')));</script>|w3561260816101212079186|KanTanJi::181-200
